﻿{"cameraMode":{"drawMode":0,"name":"Shaded","section":"Shading Mode"},"sceneLighting":false,"audioPlay":false,"sceneViewState":{"showFog":false,"showMaterialUpdate":false,"showSkybox":false,"showFlares":false,"showImageEffects":false,"showParticleSystems":false},"in2DMode":false,"pivot":{"x":0.4873046875,"y":-0.893798828125,"z":1.15234375},"rotation":{"x":0.00022221269318833947,"y":-0.6089379787445068,"z":0.0012558783637359739,"w":-0.7932865023612976},"size":3.097576856613159,"orthographic":true}